hid ,price
UVX12QIV46,390756
FJC38WTU70,399298
NEK37YMM88,417531
CQW88LZL47,258444
YKG68YJY17,153152
KJR08JYW44,371020
LSD33ZMS90,441696
ETV18XIU73,393544
RSG01YVH52,255041
UXV14TLX61,207313
EUK61WGV67,186058
PFN27RYF34,313255
WUV21QOE20,279222
YWK59STL82,151802
BKX31QEC82,394712
JWA31PSH41,443379
VQL51SIK04,101696
ITN62JUB84,365717
KNE02PVR32,183275
VTT88YYJ86,107437
BMD33EWF67,471682
OSO01HQV98,390766
SDU04GKA18,279574
FJY42WFL61,452367
ARQ16SYX90,367300
GNH88JGV61,284921
PHE74AMB54,389375
GFN44NUW66,236764
OUN37MCZ61,331993
PTJ98SOH21,119341
VHN78WOZ64,263585
JRS34JJM23,354117
BHJ75GYZ70,166191
IHN71PRR62,352179
WML88BTS03,155420
OJH15YNF48,299565
CRZ38TWO58,307201
ZRD21OXN42,188438
ENX35EMP53,396808
YBC83RJB71,172361
YWN17TXT49,438576
LVK64JXL41,200899
YTR31EUV37,430142
UUY18XTI04,459987
NWE13VER89,115789
XYI96QSL68,111388
LIC55IMJ81,154515
NZW82OAS96,368573
WKD08QXW42,385694
ZLU22WQM22,186133
KRN54MTS77,148823
GJW76PEP62,458137
FWJ95GOI67,436471
OLI78YCN28,370500
UTE57ETX68,310825
OXJ31NTT42,433718
NJO52TEB87,126935
JTU43IEB92,186889
LVU12CDE99,144239
VHH53EUS64,431003
MRG35UQW56,110586
UFH36GDT16,406404
TYK69BRQ12,379669
DLS42LHN07,297021
JUI30FFK55,100774
ODT26HJX21,442898
GJM90PCJ57,374323
RLN87NVB86,244006
ODL92XRS81,198293
CDW83FOM24,260411
DEL22EUW35,498553
YYT82PRS57,418054
VOJ69OPN92,293970
UVN48YHJ41,464783
OQX77VTN37,274806
HTK26CNF48,168086
JYH30FGE16,131854
MHP86JVK09,476337
QOO90NGG64,215040
STK83HMS31,386347
TGF18KNB67,310199
NLR41OQB86,134553
EOR12YOS93,303697
YSK72VEC13,459707
JQS96KZX87,425220
XBQ32MRC48,386746
JHL53TDX38,140053
PPL65CMC76,320588
JCK20YVF75,379558
PKC62ZUG86,257743
BXT34AXG75,361472
GEF71TSJ51,403338
LUX95RFV04,136753
AVU37BMN69,172915
EGQ69TDQ96,102713
IQE25PNJ79,338432
HWT65FUP48,290856
TUE81DDA18,483005
FXZ35XNC81,275478
PCV34QIK16,421828
TSV61UNM90,116027
